{
  "config": {
    "run_name": "exp1_1_K64_L8",
    "out_dir": "./results",
    "seed": 1391280696,
    "bs_train": 50,
    "bs_test": 12,
    "batches": 600,
    "epochs": 200,
    "early_stopping": 10,
    "checkpoints": null,
    "lr": 0.001,
    "reg": 0.8,
    "filters_per_layer": [
      64
    ],
    "layers_per_block": 8,
    "pool_every": 8,
    "hidden_dims": [
      100,
      50,
      512
    ],
    "ycn": false,
    "print_every": 0,
    "kw": {}
  },
  "results": {
    "num_epochs": 0,
    "train_loss": [
      2.3028834601243338,
      2.3027969642480213,
      2.302804873784383,
      2.302805701096853,
      2.302805248896281,
      2.3028047029177348,
      2.3028041386604308,
      2.3028034857908883,
      2.3028028440475463,
      2.3028021359443667,
      2.3028015025456745,
      2.3028008643786113,
      2.302800104220708,
      2.3027993881702424,
      2.3027986784776053,
      2.302797798315684,
      2.3027967361609143,
      2.302796005407969,
      2.302795011997223,
      2.3027940277258554,
      2.3027927927176157,
      2.3027911162376404,
      2.302789752483368,
      2.3027880680561066,
      2.302786098321279,
      2.3027839795748393,
      2.3027813776334125,
      2.3027782269318897,
      2.3027741380532585,
      2.302769287824631,
      2.302763595978419,
      2.3027564040819803,
      2.3027473111947376,
      2.302735429207484,
      2.302719848950704,
      2.302698384920756,
      2.3026672490437825,
      2.302617061138153,
      2.3025286968549095,
      2.302348959445953,
      2.301857479015986,
      2.2996511288483936,
      2.242615192929904,
      1.9853807936112087,
      1.8854038935899735,
      1.8053798544406892,
      1.7289899855852127,
      1.651636788447698,
      1.5895623964071275,
      1.5359023481607437,
      1.4987707543373108,
      1.4663621522982915,
      1.4321665759881337,
      1.3929372123877208,
      1.3533317401011784,
      1.313868503967921,
      1.262809856434663,
      1.214490122894446,
      1.1702374450365702,
      1.121096773147583,
      1.0735900077223777,
      1.0220699831843376,
      0.9661430969834328,
      0.9178614811599255,
      0.8890098076065381,
      0.8335340138276418,
      0.780688233723243,
      0.7275971964995066,
      0.687758537530899,
      0.6400524037579696,
      0.5608536603301764,
      0.49467295974493025,
      0.450906991387407,
      0.403197034796079,
      0.3539185840636492,
      0.319988347440958,
      0.28440942596644164,
      0.25091456243768334,
      0.21628872274110714,
      0.18445099357205133,
      0.1640796185967823,
      0.13733261230091254,
      0.12006271280503521,
      0.10829578141138578,
      0.08567110244145927,
      0.07163899682074164,
      0.06685128256406946,
      0.0588963574328227,
      0.054975479514105245,
      0.04952625522292995,
      0.043876007934547184,
      0.046713045195210724,
      0.036792328390971914,
      0.03467993820156456,
      0.03187282450671773,
      0.030784816534045,
      0.026909224300228136,
      0.026829679165627264,
      0.022670735299943772,
      0.019911243143190708,
      0.021317117914337966,
      0.021466141134539308,
      0.019045297278771613,
      0.02027996070139731,
      0.018351986831839896,
      0.018046270679308994,
      0.019512294737245004,
      0.015245862318585447,
      0.015107702674364797,
      0.01979622595626703,
      0.014168586886538227,
      0.013745726535707945,
      0.01328414324146858,
      0.015250969559726097,
      0.018297337953184372,
      0.01338007106681592,
      0.01079624796516479,
      0.009962342088530628,
      0.012553766653735086,
      0.009281945859788721,
      0.011969044240398337,
      0.010161010274186992,
      0.010985797969612273,
      0.007590981761871565,
      0.008239785291216321,
      0.007472550034500879,
      0.007439722909110363,
      0.009004619203922933,
      0.0038429102547722018,
      0.004235804040392092,
      0.0113874257125633,
      0.012523960850991596,
      0.009558183925454008,
      0.007411120919201342,
      0.004525362853662121,
      0.005771300721934078,
      0.004012059197436126,
      0.006738235367815075,
      0.002437727229434851,
      0.0013707122142575655,
      0.008021373019271322,
      0.0040406673032422685,
      0.0016328009429576204,
      0.0032189813922369834,
      0.0008924902231613885,
      0.0021946795865828506,
      0.002126898785895695,
      0.0032489391416060443,
      0.002565198711236481,
      0.0030743609280038105,
      0.009150897403827211,
      0.006653149843702408,
      0.002410218974568276,
      0.007219829252388952,
      0.009081058389598032,
      0.006731828588700542,
      0.003760109858145787,
      0.007222248341324757,
      0.006080753427272612,
      0.00794482329744407,
      0.003423611726709055,
      0.0016225471229930123,
      0.0010052245123807779,
      0.004450217265102102,
      0.006333122056980755,
      0.0048516755779796005,
      0.0018658053334762788,
      0.001043958029018294,
      0.0001652084829839732,
      3.640375137892467e-05,
      2.6751709029480726e-05,
      2.247648243779802e-05,
      1.9634850795344033e-05,
      1.7549800853669714e-05,
      1.5936501799096447e-05,
      1.4638805419172248e-05,
      1.3558133449258491e-05,
      1.2643877672620837e-05,
      1.1857287105883074e-05
    ],