{
  "config": {
    "run_name": "exp1_1_K32_L8",
    "out_dir": "./results",
    "seed": 893287417,
    "bs_train": 50,
    "bs_test": 12,
    "batches": 600,
    "epochs": 200,
    "early_stopping": 10,
    "checkpoints": null,
    "lr": 0.001,
    "reg": 0.8,
    "filters_per_layer": [
      32
    ],
    "layers_per_block": 8,
    "pool_every": 8,
    "hidden_dims": [
      100,
      50,
      512
    ],
    "ycn": false,
    "print_every": 0,
    "kw": {}
  },
  "results": {
    "num_epochs": 0,
    "train_loss": [
      2.303143541018168,
      2.3028177762031556,
      2.302794781923294,
      2.3027915875116984,
      2.302790898879369,
      2.302790404558182,
      2.302790033022563,
      2.30278959552447,
      2.302789252996445,
      2.3027888774871825,
      2.302788497606913,
      2.302788068453471,
      2.302787642478943,
      2.302787256240845,
      2.3027868382136027,
      2.3027863721052806,
      2.30278600136439,
      2.3027855455875397,
      2.3027850341796876,
      2.3027845482031504,
      2.302784084479014,
      2.302783519824346,
      2.30278306444486,
      2.302782533566157,
      2.302782078186671,
      2.302781500418981,
      2.302780963977178,
      2.302780320644379,
      2.3027797516187034,
      2.302778859535853,
      2.30277827223142,
      2.302777520418167,
      2.302776784896851,
      2.3027759913603463,
      2.302775090932846,
      2.302774251699448,
      2.3027732745806375,
      2.3027722346782684,
      2.30277103304863,
      2.3027698306242623,
      2.3027685527006785,
      2.3027672123908998,
      2.3027657226721447,
      2.3027640970547996,
      2.3027623172601066,
      2.3027603216965993,
      2.3027581175168357,
      2.3027556506792703,
      2.3027528512477873,
      2.302749679883321,
      2.3027460090319316,
      2.3027414548397065,
      2.3027361913522086,
      2.302730043331782,
      2.302722609440486,
      2.3027134410540264,
      2.302701882918676,
      2.302687028249105,
      2.302667438586553,
      2.302640697956085,
      2.3026027059555054,
      2.302544691960017,
      2.302441622018814,
      2.3022360157966615,
      2.3017813690503437,
      2.3002648278077444,
      2.288611820936203,
      2.1112417743603387,
      1.9410362297296524,
      1.871910161972046,
      1.7761662755409877,
      1.717768301765124,
      1.6749853883186976,
      1.6358336702982585,
      1.6042601325114567,
      1.5739782702922822,
      1.5456785368919372,
      1.5158326548337937,
      1.4816292327642442,
      1.4397947579622268,
      1.3848495888710022,
      1.3257065611084302,
      1.2694849180181822,
      1.2108455300331116,
      1.1551845863461494,
      1.0975750907262167,
      1.0301170776287714,
      0.9580007578929265,
      0.8837198195358117,
      0.8269080642362435,
      0.7808504663407803,
      0.7192041184504827,
      0.6487179598708948,
      0.5871487060934305,
      0.5554617243260145,
      0.5124812388916811,
      0.4449254224697749
    ],
    "train_acc": [
      10.023333333333333,
      9.846666666666666,
      9.653333333333334,
      9.703333333333333,
      9.703333333333333,
      9.71,
      9.703333333333333,
      9.713333333333333,
      9.71,
      9.706666666666667,
      9.703333333333333,
      9.69,
      9.686666666666667,
      9.683333333333334,
      9.693333333333333,
      9.69,
      9.686666666666667,
      9.676666666666666,
      9.69,
      9.686666666666667,
      9.683333333333334,
      9.7,
      9.706666666666667,
      9.713333333333333,
      9.7,
      9.706666666666667,
      9.713333333333333,
      9.71,
      9.7,
      9.693333333333333,
      9.703333333333333,
      9.71,
      9.71,
      9.713333333333333,
      9.716666666666667,
      9.72,
      9.716666666666667,
      9.736666666666666,
      9.736666666666666,
      9.746666666666666,
      9.746666666666666,
      9.756666666666666,
      9.76,
      9.756666666666666,
      9.763333333333334,
      9.76,
      9.77,
      9.77,
      9.78,
      9.786666666666667,
      9.79,
      9.8,
      9.803333333333333,
      9.813333333333333,
      9.82,
      9.85,
      9.85,
      9.9,
      9.933333333333334,
      9.936666666666667,
      9.97,
      10.06,
      10.16,
      10.396666666666667,
      10.83,
      12.92,
      19.243333333333332,
      21.723333333333333,
      28.566666666666666,
      31.266666666666666,
      35.236666666666665,
      37.693333333333335,
      38.97666666666667,
      40.57,
      42.123333333333335,
      43.20666666666666,
      44.21333333333333,
      45.516666666666666,
      46.626666666666665,
      48.166666666666664,
      50.07,
      51.836666666666666,
      53.97666666666667,
      56.306666666666665,
      58.43,
      60.53,
      63.20666666666666,
      66.00666666666666,
      68.56666666666666,
      70.57333333333334,
      72.26333333333334,
      74.24,
      76.77,
      79.01,
      80.10666666666667,
      81.7,
      84.16333333333333
    ],
    "test_loss": [
      2.3026805492242177,
      2.3026339185237883,
      2.3026288600762683,
      2.3026278976599377,
      2.302627558708191,
      2.3026273751258852,
      2.3026271259784696,
      2.3026268629233044,
      2.302626629273097,
      2.3026263411839802,
      2.3026261655489604,
      2.302625881433487,
      2.3026256390412647,
      2.3026252897580464,
      2.3026250712076823,
      2.302624776363373,
      2.302624479929606,
      2.3026241830984753,
      2.302623706261317,
      2.3026232719421387,
      2.3026229627927144,
      2.302622612317403,
      2.302622319062551,
      2.3026220615704855,
      2.3026214293638865,
      2.3026210951805113,
      2.302620756228765,
      2.302620242834091,
      2.3026197719573975,
      2.3026191941897074,
      2.3026185727119444,
      2.30261794368426,
      2.3026172800858817,
      2.3026166252295175,
      2.3026158595085144,
      2.302615126768748,
      2.3026142644882204,
      2.3026133596897127,
      2.3026122764746346,
      2.3026112560431162,
      2.302610057592392,
      2.302608793179194,
      2.302607353925705,
      2.3026057954629264,
      2.3026040907700858,
      2.302602123816808,
      2.302599974075953,
      2.30259752313296,
      2.302594695885976,
      2.3025914279619855,
      2.302587692340215,
      2.3025824864705404,
      2.3025770378112793,
      2.3025704681873322,
      2.3025622955958047,
      2.302552207708359,
      2.3025393493970236,
      2.302522551616033,
      2.302499949534734,
      2.3024686300754547,
      2.3024226303895317,
      2.3023491911093394,
      2.302205273707708,
      2.3019166338443755,
      2.3011956067879993,
      2.298107908566793,
      2.262206931114197,
      1.9682242240508396,
      1.8901955991983415,
      1.7926559700568516,
      1.7135153337319693,
      1.670156994064649,
      1.644501117169857,
      1.6255652266740799,
      1.596217384636402,
      1.5735673851768175,
      1.561810248295466,
      1.5346640329559644,
      1.5091958252588908,
      1.4783671927452087,
      1.442208430369695,
      1.4343398402134577,
      1.4063852042953173,
      1.407651235461235,
      1.4011744744578998,
      1.3834096815188726,
      1.3930434328814347,
      1.4272030388812225,
      1.491818374147018,
      1.5752271209657192,
      1.6049614543219408,
      1.6568563675383727,
      1.7371909853816032,
      1.9476211581627527,
      2.0671090263128282,
      2.0936715884009995,
      2.1866260099411012
    ],