{
  "config": {
    "run_name": "exp1_1_K32_L16",
    "out_dir": "./results",
    "seed": 1638695189,
    "bs_train": 50,
    "bs_test": 12,
    "batches": 600,
    "epochs": 200,
    "early_stopping": 10,
    "checkpoints": null,
    "lr": 0.001,
    "reg": 0.8,
    "filters_per_layer": [
      32
    ],
    "layers_per_block": 16,
    "pool_every": 16,
    "hidden_dims": [
      100,
      50,
      512
    ],
    "ycn": false,
    "print_every": 0,
    "kw": {}
  },
  "results": {
    "num_epochs": 0,
    "train_loss": [
      2.302918479045232,
      2.3027609797318775,
      2.3027763970692954,
      2.302779578367869,
      2.302780001958211,
      2.302779910961787,
      2.30277974764506,
      2.3027795735994974,
      2.3027794043223064,
      2.302779189348221,
      2.3027790089448295,
      2.3027788364887236,
      2.3027786393960317,
      2.3027784689267476,
      2.302778259118398,
      2.302778068383535,
      2.302777882019679,
      2.30277770002683,
      2.3027775379021964,
      2.3027773519357044,
      2.3027771786848703,
      2.302777011791865,
      2.302776836554209,
      2.302776646614075,
      2.30277644832929,
      2.3027763255437215,
      2.3027761471271515,
      2.302775950829188,
      2.302775775194168,
      2.302775584459305,
      2.302775384982427,
      2.3027752474943797,
      2.302775060335795,
      2.3027748918533324,
      2.302774751583735,
      2.302774562438329,
      2.3027743713061013,
      2.302774192094803,
      2.3027740399042766,
      2.302773844798406,
      2.3027737069129945,
      2.3027735336621604,
      2.302773375113805,
      2.30277320543925,
      2.302773038546244,
      2.3027729193369546,
      2.302772747675578,
      2.3027725676695505,
      2.3027723979949952,
      2.3027722283204395,
      2.30277201294899,
      2.3027717856566112,
      2.3027716199556987,
      2.302771478096644,
      2.3027713298797607,
      2.3027711474895476,
      2.3027710020542145,
      2.302770833571752,
      2.3027706785996753,
      2.3027705423037212,
      2.302770377000173,
      2.3027702045440672,
      2.3027700503667194,
      2.3027699387073515,
      2.302769738435745,
      2.302769582271576,
      2.3027694400151573,
      2.3027692449092867,
      2.302768998543421,
      2.3027688682079317,
      2.3027687100569407,
      2.302768513758977,
      2.302768404086431,
      2.302768266995748,
      2.302768081823985,
      2.3027679562568664,
      2.3027677301565808,
      2.302767596244812,
      2.302767435312271,
      2.302767269611359,
      2.302767132123311,
      2.302766998211543,
      2.30276682972908,
      2.3027666783332825,
      2.302766534884771,
      2.302766371568044,
      2.302766210238139,
      2.302766093413035,
      2.3027659328778585,
      2.3027657787005107,
      2.302765643199285,
      2.3027654858430227,
      2.3027653193473814,
      2.3027651850382487,
      2.30276503721873,
      2.3027648814519246,
      2.302764744361242,
      2.302764574686686,
      2.3027644403775533,
      2.302764333089193,
      2.302764166990916,
      2.3027640084425607,
      2.302763879299164,
      2.302763731877009,
      2.302763564189275,
      2.302763429482778,
      2.3027632919947307,
      2.302763128678004,
      2.3027630114555357,
      2.302762883504232,
      2.3027627086639404,
      2.3027625453472136,
      2.3027624070644377,
      2.3027622890472412,
      2.3027621734142305,
      2.30276199777921,
      2.3027618861198427,
      2.3027617156505586,
      2.3027615892887114,
      2.302761425971985,
      2.3027612884839375,
      2.3027611629168194,
      2.302761038541794,
      2.3027608788013456,
      2.302760755221049,
      2.3027605748176576,
      2.302760459979375,
      2.3027603216965993,
      2.3027601607640587,
      2.3027600379784903,
      2.302759824593862,
      2.3027597188949587,
      2.3027595945199333,
      2.302759481271108,
      2.3027593251069387,
      2.3027591749032337,
      2.3027590703964234,
      2.302758903106054,
      2.3027587695916494,
      2.3027586340904236,
      2.3027584902445475,
      2.3027583483854928,
      2.302758226394653,
      2.3027580857276915,
      2.3027579581737516,
      2.302757832209269,
      2.302757681210836,
      2.302757563193639,
      2.302757446368535,
      2.3027572933832805,
      2.3027571642398836,
      2.3027570327123006,
      2.302756904363632,
      2.3027567513783773,
      2.302756617069244,
      2.3027564958731332,
      2.302756371895472,
      2.3027562232812246,
      2.3027560758590697,
      2.3027559983730317,
      2.3027558366457623,
      2.3027556804815927,
      2.3027555453777313,
      2.302755474646886,
      2.3027553176879882,
      2.302755185365677,
      2.302755042711894,
      2.302754904826482,
      2.3027547880013786,
      2.3027546588579813,
      2.30275453209877,
      2.3027544093132017,
      2.30275427142779,
      2.3027541395028432,
      2.3027540191014606,
      2.302753897110621,
      2.3027537675698597,
      2.3027536141872407,
      2.3027535025278727,
      2.3027533916632335,
      2.3027532668908437,
      2.302753108342489,
      2.3027530014514923,
      2.302752887805303,
      2.3027527276674906,
      2.3027526080608367,
      2.3027524948120117,
      2.3027523533503214,
      2.302752238114675,
      2.3027521030108136,
      2.302751902739207,
      2.3027517704168954,
      2.302751660346985,
      2.3027514866987864,
      2.30275141676267,
      2.302751338481903,
      2.302751211722692,
      2.302751104036967,
      2.3027509665489196,
      2.30275084177653
    ],