{
  "config": {
    "run_name": "exp1_2_L8_K128",
    "out_dir": "./results",
    "seed": 1084841010,
    "bs_train": 50,
    "bs_test": 12,
    "batches": 600,
    "epochs": 200,
    "early_stopping": 10,
    "checkpoints": null,
    "lr": 0.001,
    "reg": 0.8,
    "filters_per_layer": [
      128
    ],
    "layers_per_block": 8,
    "pool_every": 8,
    "hidden_dims": [
      100,
      50,
      512
    ],
    "ycn": false,
    "print_every": 0,
    "kw": {}
  },
  "results": {
    "num_epochs": 0,
    "train_loss": [
      2.3030980002880095,
      2.302766213417053,
      2.3027674555778503,
      2.302769197622935,
      2.3027693259716036,
      2.3027691038449607,
      2.3027688340346018,
      2.3027685876687367,
      2.30276825149854,
      2.302767974535624,
      2.302767676115036,
      2.302767361799876,
      2.302767016887665,
      2.30276674191157,
      2.3027664685249327,
      2.302766170899073,
      2.302765866518021,
      2.3027655776341756,
      2.30276526371638,
      2.302764944235484,
      2.302764642635981,
      2.302764285802841,
      2.302763970295588,
      2.302763595581055,
      2.302763228813807,
      2.3027628525098165,
      2.3027625250816346,
      2.302762138048808,
      2.302761757771174,
      2.3027613512674967,
      2.3027609435717267,
      2.302760515610377,
      2.302760049502055,
      2.3027595881621044,
      2.3027591065565747,
      2.302758613824844,
      2.3027580869197846,
      2.3027575556437174,
      2.302756995757421,
      2.3027563480536144,
      2.302755682468414,
      2.3027550009886424,
      2.302754241625468,
      2.30275337100029,
      2.3027525679270426,
      2.3027515618006387,
      2.302750302950541,
      2.3027490015824634,
      2.3027476521333057,
      2.302745920022329,
      2.3027437591552733,
      2.3027415653069814,
      2.3027392053604125,
      2.3027361635367076,
      2.3027330354849496,
      2.3027292188008626,
      2.3027246216932933,
      2.3027189044157663,
      2.302711840867996,
      2.302703183889389,
      2.3026920477549235,
      2.3026772578557333,
      2.3026551469167074,
      2.3026246452331542,
      2.3025789960225422,
      2.3024984176953636,
      2.302344905138016,
      2.301982891559601,
      2.300673877398173,
      2.2888560859362284,
      2.0827130470673243,
      1.9212242607275645,
      1.8328671338160833,
      1.7384351140260696,
      1.666865923802058,
      1.6111257990201315,
      1.5665396704276402,
      1.5133978426456451,
      1.4670902967453003,
      1.4219337417682012,
      1.378562517762184,
      1.3358920594056447,
      1.2885119299093881,
      1.2383944275975227,
      1.1831868811448416,
      1.1292775850494703,
      1.0757371177275976,
      1.010476547976335,
      0.9439798304438591,
      0.8956893959641457,
      0.8662978068490823,
      0.8031013428171476,
      0.7267248896261056,
      0.6567846851050854,
      0.6076550265153249,
      0.5444522328178087,
      0.4827164748311043,
      0.4303341997166475,
      0.3877849527448416,
      0.3242915948852897,
      0.2761290413141251,
      0.24311410979057352,
      0.20304641938147447,
      0.16488626336368423,
      0.1381829118457002,
      0.12218923847035815,
      0.10685457117312278,
      0.09339028372274091,
      0.08430859199162417,
      0.0704598668947195,
      0.061752667986632634,
      0.06018295718783823,
      0.047922622882761064,
      0.03930771528262994,
      0.039399696096758516,
      0.04168910801585298,
      0.035142727345034167,
      0.03385139028323465,
      0.03136659775894562,
      0.03079606341168983,
      0.02965834898968751,
      0.026041036195262376,
      0.02207204439684574,
      0.024710318676249395,
      0.02308303131775271,
      0.0211500415361661,
      0.020837167412100826,
      0.018063819586968746,
      0.01631910203024745,
      0.016662672582763965,
      0.012071990906970314,
      0.014473169684691433,
      0.01665752432328342,
      0.013388793504376129,
      0.013267897069442066,
      0.010025212391398478,
      0.009683354231236384,
      0.01320182577108426,
      0.010738054933290945,
      0.007261267176800174,
      0.011513512645377281,
      0.008733037546203377,
      0.007953707021177555,
      0.01009648418407778,
      0.011242923292403097,
      0.008595145924044043,
      0.006518606914210826,
      0.008230352150385443,
      0.006071140126535587,
      0.004454119329604301,
      0.004345762114401169,
      0.003884973128472211,
      0.006364293044280771,
      0.011099081103958876,
      0.012151256095764135,
      0.0073639328589289715,
      0.008297481007945558,
      0.005348599644275206,
      0.002479108858629028,
      0.000713810273014038,
      0.0006332120381635301,
      8.538395574888114e-05,
      3.88492584131465e-05,
      3.0488109615779043e-05,
      2.589473727539371e-05,
      2.271267570516026e-05,
      2.0320955912040972e-05,
      1.8449147591136733e-05,
      1.69213295033425e-05,
      1.5645472219887325e-05,
      1.4561494198896222e-05,
      1.3625399287207074e-05
    ],