{
  "config": {
    "run_name": "exp1_1_K32_L2",
    "out_dir": "./results",
    "seed": 729329424,
    "bs_train": 50,
    "bs_test": 12,
    "batches": 600,
    "epochs": 200,
    "early_stopping": 10,
    "checkpoints": null,
    "lr": 0.001,
    "reg": 0.8,
    "filters_per_layer": [
      32
    ],
    "layers_per_block": 2,
    "pool_every": 2,
    "hidden_dims": [
      100,
      50,
      512
    ],
    "ycn": false,
    "print_every": 0,
    "kw": {}
  },
  "results": {
    "num_epochs": 0,
    "train_loss": [
      2.296409704287847,
      2.1277786527077356,
      1.9343353774150212,
      1.81293727795283,
      1.7015238145987193,
      1.6050775388876597,
      1.52928171257178,
      1.4646419560909272,
      1.4054636961221696,
      1.3472009538610776,
      1.288539475997289,
      1.2361209141214689,
      1.1880453074971835,
      1.1423753188053767,
      1.0966333359479905,
      1.0518210930625598,
      1.0068881183862686,
      0.9610076003273328,
      0.9141233371694882,
      0.866476282030344,
      0.819133221656084,
      0.7710362529257934,
      0.7220516491432984,
      0.6721907152732214,
      0.6251316002508005,
      0.5836856706440449,
      0.5563250576953093,
      0.5263113892326753,
      0.48127891483406227,
      0.4236500109732151,
      0.380407580062747,
      0.3573858423903584,
      0.3298245433345437,
      0.30924375674376886,
      0.2821955892940362,
      0.24869092295567194,
      0.22245349848022064,
      0.18590818846598267,
      0.16314657309403022,
      0.13535548210454484,
      0.10676638291527828,
      0.08656739380210637,
      0.07445489256332317,
      0.06424994443853696,
      0.05671527414349839,
      0.04100032290598998,
      0.033844491111619086,
      0.027698029628566777,
      0.021040904852949703,
      0.017536664466800477,
      0.011013597540634995,
      0.007712905917481597,
      0.004802292430346521,
      0.0033845453092605266,
      0.0025401933149745066,
      0.002164638544660799,
      0.0019070951571969392,
      0.001665846254072676,
      0.0017353320294326599,
      0.0012548604036540685
    ],
    "train_acc": [
      14.56,
      20.843333333333334,
      29.22,
      34.74,
      38.723333333333336,
      42.04666666666667,
      44.486666666666665,
      46.95,
      49.166666666666664,
      51.16,
      53.38,
      55.346666666666664,
      57.28,
      59.056666666666665,
      60.74,
      62.45666666666666,
      64.30333333333333,
      65.98,
      67.59333333333333,
      69.44666666666667,
      71.29333333333334,
      73.06,
      74.99666666666667,
      76.68,
      78.46666666666667,
      79.82666666666667,
      80.51333333333334,
      81.65333333333334,
      83.11,
      85.63333333333334,
      87.19333333333333,
      87.88333333333334,
      88.57333333333334,
      89.17333333333333,
      90.24,
      91.46,
      92.13,
      93.65,
      94.59666666666666,
      95.46333333333334,
      96.53,
      97.34333333333333,
      97.70333333333333,
      98.12333333333333,
      98.37666666666667,
      98.86,
      99.13,
      99.3,
      99.51666666666667,
      99.63,
      99.82333333333334,
      99.89666666666666,
      99.96333333333334,
      99.97666666666667,
      99.97666666666667,
      99.97333333333333,
      99.98,
      99.98333333333333,
      99.98333333333333,
      99.99333333333334
    ],
    "test_loss": [
      2.2784527722994485,
      1.9865673420826595,
      1.8599217434724171,
      1.7456503607829412,
      1.6473278239369393,
      1.5657599790891013,
      1.5148682660857837,
      1.4644384949405989,
      1.4245215587814648,
      1.3822801019748052,
      1.351254380941391,
      1.320352002431949,
      1.3029959465563297,
      1.2847654155890147,
      1.270344885190328,
      1.2629815655946732,
      1.2595397007465363,
      1.2528509699801604,
      1.2461737431585789,
      1.2379666643838088,
      1.2279242978990077,
      1.233488859484593,
      1.2708303190767765,
      1.3254110150039196,
      1.3863622146844863,
      1.4586382477978865,
      1.4869411208728949,
      1.4601410652448734,
      1.4867647222181162,
      1.5762729514638583,
      1.6007946089158456,
      1.661660019233823,
      1.7523882459724942,
      1.8648939439902703,
      1.9565792329485219,
      2.0271988053914782,
      2.2185943841127056,
      2.214586594635621,
      2.2637814570218326,
      2.241783689344302,
      2.3757493659807367,
      2.3537470417718094,
      2.4876987624416746,
      2.562658392616237,
      2.6894154114834965,
      2.7187730864435435,
      2.8802767481034,
      2.991515304595232,
      2.9913760172420494,
      3.082028140574694,
      3.173025085454186,
      3.233602094122519,
      3.34836537182952,
      3.3959804627547663,
      3.4336048479750754,
      3.4783404632968207,
      3.525043742998193,
      3.5648392361961303,
      3.58143278873836,
      3.6233807188024123
    ],
    "test_acc": [
      15.694444444444445,
      27.23611111111111,
      33.06944444444444,
      37.55555555555556,
      41.013888888888886,
      43.541666666666664,
      45.666666666666664,
      47.72222222222222,
      49.22222222222222,
      50.458333333333336,
      51.833333333333336,
      52.916666666666664,
      53.625,
      54.416666666666664,
      55.25,
      55.458333333333336,
      56.111111111111114,
      56.94444444444444,
      57.833333333333336,
      58.72222222222222,
      59.208333333333336,
      59.388888888888886,
      59.111111111111114,
      59.25,
      58.958333333333336,
      57.791666666666664,
      58.09722222222222,
      59.513888888888886,
      60.125,
      59.583333333333336,
      59.888888888888886,
      60.041666666666664,
      59.611111111111114,
      58.638888888888886,
      58.81944444444444,
      59.93055555555556,
      59.31944444444444,
      59.05555555555556,
      60.041666666666664,
      60.94444444444444,
      60.65277777777778,
      61.43055555555556,
      61.166666666666664,
      61.388888888888886,
      61.388888888888886,
      61.06944444444444,
      61.208333333333336,
      61.19444444444444,
      61.55555555555556,
      61.638888888888886,
      62.02777777777778,
      62.09722222222222,
      62.27777777777778,
      62.40277777777778,
      62.47222222222222,
      62.52777777777778,
      62.513888888888886,
      62.31944444444444,
      62.291666666666664,
      62.388888888888886
    ]
  }
}