{
  "config": {
    "run_name": "exp1_3_L1_K64-128-256",
    "out_dir": "./results",
    "seed": 96185305,
    "bs_train": 50,
    "bs_test": 12,
    "batches": 600,
    "epochs": 200,
    "early_stopping": 10,
    "checkpoints": null,
    "lr": 0.001,
    "reg": 0.8,
    "filters_per_layer": [
      64,
      128,
      256
    ],
    "layers_per_block": 1,
    "pool_every": 1,
    "hidden_dims": [
      100,
      50,
      512
    ],
    "ycn": false,
    "print_every": 0,
    "kw": {}
  },
  "results": {
    "num_epochs": 0,
    "train_loss": [
      2.302773465315501,
      2.3021100227038067,
      2.3009145692984263,
      2.295569348335266,
      2.2243296078840893,
      2.0553854141632715,
      1.9753327441215516,
      1.8932757264375686,
      1.8007411203781765,
      1.6991648143529892,
      1.6135166986783345,
      1.5406245837608974,
      1.4865361869335174,
      1.433052076101303,
      1.3765725217262903,
      1.3222686491409938,
      1.2697127956151961,
      1.218840090930462,
      1.1709756690263748,
      1.1247214209040006,
      1.0786580356955529,
      1.0331686180830002,
      0.9872593893607458,
      0.9418723561366399,
      0.8982160245378812,
      0.8547562143703302,
      0.8128494933744271,
      0.7710806735356649,
      0.7289947104950746,
      0.6888978292544683,
      0.6489320113261541,
      0.6086235729853312,
      0.5676439224183559,
      0.5294060992449522,
      0.49874326546986897,
      0.47922382516165574,
      0.461655742029349,
      0.43007481473187603,
      0.4032106131066879,
      0.36273459618290266,
      0.32731516405940053,
      0.29589739369849366,
      0.26900505057225627,
      0.23093450327714285,
      0.2077783374922971,
      0.1985383037136247,
      0.1886143774787585,
      0.17136059818789362,
      0.14540901550402244,
      0.13140509568154812,
      0.11357251512973258,
      0.09517958979588002,
      0.08296851680381223,
      0.07740393469731013,
      0.060744273520540445,
      0.04283695356183064,
      0.034233412426741175,
      0.024014517748437356,
      0.017601577375414006,
      0.012877313999536759,
      0.009466040291978667,
      0.0063569828838323395,
      0.0028040637079053948,
      0.001762960564349972,
      0.0012492127737641567,
      0.0010028982477645818,
      0.0008582168266245086,
      0.0007596691763562072,
      0.0006868241952785563,
      0.0006279373949898096,
      0.000579844045896607,
      0.0005393675335896357
    ],
    "train_acc": [
      10.193333333333333,
      11.026666666666667,
      10.976666666666667,
      16.32,
      18.523333333333333,
      21.06,
      24.933333333333334,
      27.813333333333333,
      32.266666666666666,
      36.43666666666667,
      40.24666666666667,
      43.20666666666666,
      45.45333333333333,
      47.46666666666667,
      49.70666666666666,
      51.723333333333336,
      53.76,
      55.70666666666666,
      57.64666666666667,
      59.44,
      61.31333333333333,
      63.09,
      64.92,
      66.47,
      68.08,
      69.67,
      71.26,
      72.92,
      74.45333333333333,
      75.78666666666666,
      77.47,
      78.97333333333333,
      80.56,
      81.86,
      83.03333333333333,
      83.47333333333333,
      84.17333333333333,
      85.22,
      85.8,
      87.40666666666667,
      88.67333333333333,
      89.73,
      90.54,
      92.01333333333334,
      92.81333333333333,
      93.05333333333333,
      93.48666666666666,
      93.99,
      94.92333333333333,
      95.47666666666667,
      96.03666666666666,
      96.87333333333333,
      97.33,
      97.43666666666667,
      98.05,
      98.70666666666666,
      99.14666666666666,
      99.44666666666667,
      99.6,
      99.75333333333333,
      99.84333333333333,
      99.92333333333333,
      99.99666666666667,
      99.99333333333334,
      100.0,
      100.0,
      100.0,
      100.0,
      100.0,
      100.0,
      100.0,
      100.0
    ],
    "test_loss": [
      2.3022562360763548,
      2.301582002242406,
      2.299525926907857,
      2.2872490151723226,
      2.0928811426957448,
      2.0138091228405632,
      1.9312251526117326,
      1.8510960547129314,
      1.7293537028630575,
      1.6296199042598407,
      1.5489493471384048,
      1.4979433427254358,
      1.451039704879125,
      1.408197455306848,
      1.364205663204193,
      1.3241482221583525,
      1.2783329022924106,
      1.2359763872126739,
      1.1967016169428826,
      1.1616389401753744,
      1.1336470868935187,
      1.1075718857099612,
      1.082848312407732,
      1.062795922656854,
      1.0452092907826105,
      1.0278240351130565,
      1.0132539401203393,
      1.0092546021938325,
      1.0167746248096228,
      1.0399410771330198,
      1.0737606532126664,
      1.100285562624534,
      1.1158032069603603,
      1.1269389172891775,
      1.1431328872342905,
      1.259920954660823,
      1.12690247355029,
      1.1261166570832333,
      1.150591163331022,
      1.1836734409133594,
      1.3252059613602858,
      1.3126644421275706,
      1.363251763228327,
      1.6744575502350927,
      1.811345370138685,
      1.8909096580557525,
      1.7655886024609209,
      1.7548735103942454,
      1.6935496961061531,
      1.7523256597093617,
      1.7672428752435372,
      1.7452968063531444,
      1.855041151633098,
      1.9613404322353503,
      1.9076752683128386,
      1.939861047884915,
      1.976597522815379,
      2.041994062445592,
      2.1471770314096164,
      2.284399126819335,
      2.2123424725487713,
      2.2177100120065734,
      2.2813009883917403,
      2.3185699051993045,
      2.3497260096504275,
      2.379588925196925,
      2.4046421370535,
      2.426589248784682,
      2.4467122730635067,
      2.4644729036876623,
      2.4810369640861367,
      2.4962803300160643
    ],
    "test_acc": [
      9.86111111111111,
      11.055555555555555,
      14.527777777777779,
      15.51388888888889,
      19.88888888888889,
      24.708333333333332,
      27.333333333333332,
      30.444444444444443,
      34.986111111111114,
      39.041666666666664,
      42.736111111111114,
      44.52777777777778,
      46.19444444444444,
      48.25,
      50.06944444444444,
      52.166666666666664,
      54.69444444444444,
      56.52777777777778,
      57.90277777777778,
      59.083333333333336,
      60.19444444444444,
      60.97222222222222,
      61.80555555555556,
      62.47222222222222,
      63.208333333333336,
      64.47222222222223,
      64.80555555555556,
      65.125,
      65.375,
      65.11111111111111,
      64.69444444444444,
      64.86111111111111,
      65.13888888888889,
      65.81944444444444,
      66.04166666666667,
      64.875,
      67.31944444444444,
      67.79166666666667,
      67.95833333333333,
      68.09722222222223,
      67.04166666666667,
      68.59722222222223,
      68.38888888888889,
      64.45833333333333,
      64.43055555555556,
      63.875,
      65.36111111111111,
      65.47222222222223,
      68.05555555555556,
      68.11111111111111,
      68.61111111111111,
      68.34722222222223,
      68.44444444444444,
      68.33333333333333,
      69.55555555555556,
      69.69444444444444,
      70.36111111111111,
      69.70833333333333,
      70.13888888888889,
      69.44444444444444,
      69.80555555555556,
      70.40277777777777,
      70.47222222222223,
      70.76388888888889,
      70.73611111111111,
      70.81944444444444,
      70.97222222222223,
      70.95833333333333,
      70.94444444444444,
      71.0,
      70.98611111111111,
      70.95833333333333
    ]
  }
}