{
  "config": {
    "run_name": "exp1_2_L4_K256",
    "out_dir": "./results",
    "seed": 778108853,
    "bs_train": 50,
    "bs_test": 12,
    "batches": 600,
    "epochs": 200,
    "early_stopping": 10,
    "checkpoints": null,
    "lr": 0.001,
    "reg": 0.8,
    "filters_per_layer": [
      256
    ],
    "layers_per_block": 4,
    "pool_every": 4,
    "hidden_dims": [
      100,
      50,
      512
    ],
    "ycn": false,
    "print_every": 0,
    "kw": {}
  },
  "results": {
    "num_epochs": 0,
    "train_loss": [
      2.302781270345052,
      2.3022037076950075,
      2.2993353164196013,
      2.15672411441803,
      1.8748291015625,
      1.726377262075742,
      1.637207517226537,
      1.5643670322497685,
      1.501936686038971,
      1.4476188443104425,
      1.403485030134519,
      1.358808145125707,
      1.314065834780534,
      1.2690879574418068,
      1.2188889102141063,
      1.1645802332957587,
      1.1083792965610821,
      1.0533615216612815,
      0.9974042220910391,
      0.9405577270189921,
      0.8828626346091429,
      0.8225452154378097,
      0.7569820496936639,
      0.6920081400374571,
      0.6347872483730316,
      0.5944602823257447,
      0.5421128026147684,
      0.48361682035028936,
      0.4331013161689043,
      0.37835531041026116,
      0.34328170867015917,
      0.30174101450790963,
      0.2540747625629107,
      0.1902972734750559,
      0.13777191582446296,
      0.12067819972910608,
      0.09112594213957588,
      0.07496669706345226,
      0.061118850025425976,
      0.046709887967056905,
      0.04093255972412104,
      0.03624506669895103,
      0.03306507066241465,
      0.029056388306392667,
      0.025953201711866616,
      0.016923561880054575,
      0.0172533707520779,
      0.013508751432794574,
      0.009978902548925058,
      0.012583303195545644,
      0.013073950042380602,
      0.008003484197858294,
      0.007009704246447654,
      0.004736954999267861,
      0.0021976795592005753,
      0.0008255440875169977,
      0.0002638363044934522,
      0.00018516974437034152,
      0.00015318771970745124,
      0.00013207143169438495,
      0.0001171037039193834,
      0.00010518032692440708,
      9.583810178924068e-05
    ],
    "train_acc": [
      10.28,
      10.62,
      13.47,
      20.633333333333333,
      32.07,
      38.19,
      41.42666666666667,
      43.596666666666664,
      45.72,
      47.656666666666666,
      49.18,
      50.82333333333333,
      52.446666666666665,
      54.336666666666666,
      56.1,
      58.09,
      59.946666666666665,
      62.07,
      64.28666666666666,
      66.37333333333333,
      68.49333333333334,
      70.87333333333333,
      73.26,
      75.52333333333333,
      77.49666666666667,
      78.79,
      80.71666666666667,
      82.77333333333333,
      84.76666666666667,
      86.73333333333333,
      87.84,
      89.28333333333333,
      91.08666666666667,
      93.46666666666667,
      95.19333333333333,
      95.85666666666667,
      96.95666666666666,
      97.5,
      98.05666666666667,
      98.48333333333333,
      98.71,
      98.81,
      98.91,
      99.09666666666666,
      99.2,
      99.51666666666667,
      99.47,
      99.61,
      99.72666666666667,
      99.62333333333333,
      99.56,
      99.77333333333333,
      99.81333333333333,
      99.89,
      99.95666666666666,
      99.99333333333334,
      100.0,
      100.0,
      100.0,
      100.0,
      100.0,
      100.0,
      100.0
    ],
    "test_loss": [
      2.302308714389801,
      2.301562894185384,
      2.2932948231697083,
      1.9626638042926787,
      1.760649436910947,
      1.659387811422348,
      1.593459348877271,
      1.5541027945280075,
      1.5058895099163054,
      1.4688210186362267,
      1.4441895563403766,
      1.4105979286630947,
      1.3851770576834679,
      1.368468009630839,
      1.334530440668265,
      1.3011674978832404,
      1.2811257242163023,
      1.266222370316585,
      1.2657853099703789,
      1.2840785009165605,
      1.3367582792043686,
      1.4083824922144412,
      1.4342986551423869,
      1.4504659381508826,
      1.5019570828974247,
      1.5762879063934088,
      1.6160250322024028,
      1.5825017114977042,
      1.6567361741388837,
      1.8320667450875043,
      1.7523927304893732,
      1.8289741179098686,
      1.9630743712807694,
      2.2304016111356515,
      2.3816203224658965,
      2.547848233170807,
      2.773656574919199,
      2.959807835544149,
      3.1498762580255666,
      3.1013623000184696,
      3.1229091773554685,
      3.164098236222441,
      3.29109812023739,
      3.2425088398826,
      3.450644236166651,
      3.692770247467173,
      3.6498730530108636,
      3.7866164305061103,
      3.732329058671991,
      3.9413276277358333,
      3.849376214238194,
      3.769374976331989,
      3.9738683508957426,
      4.055551690896973,
      4.209463121592998,
      4.23875331401204,
      4.309111916658779,
      4.365290425488104,
      4.41319845117939,
      4.45515686101901,
      4.493121086324876,
      4.527713155892367,
      4.5591221052377175
    ],
    "test_acc": [
      10.069444444444445,
      13.88888888888889,
      15.0,
      28.305555555555557,
      37.791666666666664,
      40.75,
      43.013888888888886,
      43.77777777777778,
      44.81944444444444,
      46.77777777777778,
      48.125,
      49.22222222222222,
      49.84722222222222,
      50.90277777777778,
      52.30555555555556,
      53.22222222222222,
      54.18055555555556,
      55.166666666666664,
      56.111111111111114,
      56.416666666666664,
      55.583333333333336,
      54.97222222222222,
      55.5,
      55.763888888888886,
      56.625,
      56.93055555555556,
      56.333333333333336,
      58.52777777777778,
      57.625,
      57.791666666666664,
      58.72222222222222,
      58.19444444444444,
      58.583333333333336,
      59.34722222222222,
      58.916666666666664,
      58.763888888888886,
      59.111111111111114,
      60.138888888888886,
      59.611111111111114,
      59.75,
      61.09722222222222,
      60.09722222222222,
      61.125,
      60.263888888888886,
      61.80555555555556,
      60.47222222222222,
      61.986111111111114,
      61.65277777777778,
      62.236111111111114,
      61.138888888888886,
      61.44444444444444,
      61.958333333333336,
      62.041666666666664,
      62.0,
      61.55555555555556,
      62.18055555555556,
      62.361111111111114,
      62.291666666666664,
      62.375,
      62.47222222222222,
      62.458333333333336,
      62.47222222222222,
      62.458333333333336
    ]
  }
}