{
  "config": {
    "run_name": "exp1_2_L4_K128",
    "out_dir": "./results",
    "seed": 1421862179,
    "bs_train": 50,
    "bs_test": 12,
    "batches": 600,
    "epochs": 200,
    "early_stopping": 10,
    "checkpoints": null,
    "lr": 0.001,
    "reg": 0.8,
    "filters_per_layer": [
      128
    ],
    "layers_per_block": 4,
    "pool_every": 4,
    "hidden_dims": [
      100,
      50,
      512
    ],
    "ycn": false,
    "print_every": 0,
    "kw": {}
  },
  "results": {
    "num_epochs": 0,
    "train_loss": [
      2.302851248582204,
      2.3014747329552967,
      2.2839112289746604,
      2.0346513728300732,
      1.8212291159232457,
      1.6994125044345856,
      1.6246817062298458,
      1.5661759241422017,
      1.5164446506897609,
      1.4731608160336813,
      1.4333869912226995,
      1.3940386539697647,
      1.3554670045773187,
      1.3152707173426945,
      1.2731799950202307,
      1.227974631090959,
      1.1789312152067821,
      1.1227360303203264,
      1.0661675769090653,
      1.008186776638031,
      0.950768301486969,
      0.8893396252393723,
      0.8256988263130188,
      0.7619124147295951,
      0.7060415278871854,
      0.6610140017171701,
      0.6159923384090265,
      0.5655700699985027,
      0.5059893539299568,
      0.4673885294049978,
      0.4251367795219024,
      0.35212698463350534,
      0.30638133774201076,
      0.27147287846853335,
      0.2274240515101701,
      0.17809936743229626,
      0.13631459339987487,
      0.11848715748172253,
      0.10357954381344218,
      0.08463891486171633,
      0.06778732212958857,
      0.05542003579166097,
      0.040661143716230676,
      0.030722510609290717,
      0.021052663729157452,
      0.015648927227884996,
      0.011258886446375982,
      0.013595011757909864,
      0.009743304698664967,
      0.010121162231152994,
      0.014330472082292545,
      0.01208377616785583,
      0.009837397682834611,
      0.013167710732717145,
      0.011555309563858222,
      0.007692352173993034,
      0.008786922843792127,
      0.004076242133548172,
      0.004964825779782889,
      0.004832226916141736,
      0.009132141852041968,
      0.013676657000869454,
      0.005674821505217551,
      0.009234407536002133,
      0.009005259976881159,
      0.0022038808623771424,
      0.0009438533427949855,
      0.00026072977327885384,
      0.00014609168374818182,
      0.00011601753238740761,
      9.979807521176554e-05,
      8.827238064062233e-05,
      7.955694188012786e-05,
      7.257649099869922e-05,
      6.684745168589265e-05,
      6.201604199077338e-05
    ],
    "train_acc": [
      10.02,
      10.37,
      16.723333333333333,
      24.99,
      34.27333333333333,
      38.873333333333335,
      41.50666666666667,
      43.94,
      45.49333333333333,
      46.93,
      48.14333333333333,
      49.69,
      51.22,
      52.74333333333333,
      54.29333333333334,
      56.03333333333333,
      57.72,
      59.72666666666667,
      61.843333333333334,
      63.95,
      66.18,
      68.67333333333333,
      70.92666666666666,
      73.17333333333333,
      75.29666666666667,
      76.91333333333333,
      78.09333333333333,
      80.11333333333333,
      82.23333333333333,
      83.39,
      84.81,
      87.52333333333333,
      89.00333333333333,
      90.31,
      91.93,
      93.79333333333334,
      95.36666666666666,
      95.95333333333333,
      96.52333333333333,
      97.14333333333333,
      97.63333333333334,
      98.14666666666666,
      98.75666666666666,
      99.02333333333333,
      99.35,
      99.52666666666667,
      99.71,
      99.58333333333333,
      99.75666666666666,
      99.70666666666666,
      99.54666666666667,
      99.61333333333333,
      99.69333333333333,
      99.59666666666666,
      99.65,
      99.75666666666666,
      99.74333333333334,
      99.89666666666666,
      99.85333333333334,
      99.85666666666667,
      99.72333333333333,
      99.54333333333334,
      99.83333333333333,
      99.78333333333333,
      99.72666666666667,
      99.94,
      99.98666666666666,
      100.0,
      100.0,
      100.0,
      100.0,
      100.0,
      100.0,
      100.0,
      100.0,
      100.0
    ],
    "test_loss": [
      2.302083514928818,
      2.299761309226354,
      2.2058338737487793,
      1.9008406247695286,
      1.7260480074087778,
      1.6429369880755742,
      1.6136375774939855,
      1.5778502722581227,
      1.544153746366501,
      1.508315295179685,
      1.4883263900876045,
      1.4609437476595242,
      1.4273376795649528,
      1.3928785492976508,
      1.3697526360551515,
      1.3425809228420258,
      1.320807714809974,
      1.294709677596887,
      1.2827386547625066,
      1.2875746199985345,
      1.2921537972489994,
      1.276729527761539,
      1.3042762975146374,
      1.3406573455284039,
      1.3378469177583854,
      1.4615147856871287,
      1.5658207992464304,
      1.521721018453439,
      1.5708034365375836,
      1.5758944052457808,
      1.5597724830855926,
      1.7760044562319914,
      2.0094779356072348,
      2.0933837821831305,
      2.1537103633582593,
      2.351828693067655,
      2.384533235095441,
      2.62919012600556,
      2.7003495704879366,
      2.664288541836043,
      2.826249910170833,
      2.779996653192987,
      2.9307263486025232,
      3.1957639889915783,
      3.3201499305044613,
      3.472444181703031,
      3.5687143596510094,
      3.5772629831855496,
      3.735276609721283,
      3.8333247621605793,
      3.776764560615023,
      3.7078134364013873,
      3.914484731828173,
      3.757175000985153,
      3.911593375178054,
      4.1951501556982596,
      4.116072552369442,
      4.175231615652641,
      4.1922936481796205,
      4.2840715964883564,
      4.230525656708827,
      4.009896510044734,
      4.190282692288359,
      4.161734650197128,
      4.123924822037418,
      4.281903038918972,
      4.358003006304304,
      4.407244870023181,
      4.455686179064214,
      4.498127074868728,
      4.535192742453267,
      4.567974470282595,
      4.597737696350863,
      4.625130206712832,
      4.650171273754289,
      4.673837811816484
    ],