{
  "config": {
    "run_name": "exp1_3_L2_K64-128-256",
    "out_dir": "./results",
    "seed": 970152014,
    "bs_train": 50,
    "bs_test": 12,
    "batches": 600,
    "epochs": 200,
    "early_stopping": 10,
    "checkpoints": null,
    "lr": 0.001,
    "reg": 0.8,
    "filters_per_layer": [
      64,
      128,
      256
    ],
    "layers_per_block": 2,
    "pool_every": 2,
    "hidden_dims": [
      100,
      50,
      512
    ],
    "ycn": false,
    "print_every": 0,
    "kw": {}
  },
  "results": {
    "num_epochs": 0,
    "train_loss": [
      2.3028290247917176,
      2.3027606789271036,
      2.3027636869748433,
      2.302761822938919,
      2.302758678595225,
      2.3027554309368132,
      2.302752086321513,
      2.3027486046155294,
      2.3027448924382528,
      2.3027408870061237,
      2.302736515601476,
      2.3027317186196643,
      2.302726341485977,
      2.3027202812830607,
      2.3027132697900137,
      2.302705078522364,
      2.3026957392692564,
      2.302684539159139,
      2.302671088774999,
      2.3026545337835946,
      2.3026335712273918,
      2.302605917453766,
      2.302568013270696,
      2.3025158365567524,
      2.302434151172638,
      2.302290361324946,
      2.30201801776886,
      2.301428970893224,
      2.2996075332164763,
      2.286938144763311,
      2.1463393290837605,
      2.015989606777827,
      1.9420466510454815,
      1.8729430876175563,
      1.805755406220754,
      1.7429702764749526,
      1.6877795777718225,
      1.6357764748732249,
      1.5878642894824346,
      1.5431491605440775,
      1.4996910727024078,
      1.4590332490205764,
      1.4206658323605856,
      1.3865371117989223,
      1.3518027756611506,
      1.3173728668689728,
      1.2814053762952486,
      1.242569685280323,
      1.204255506793658,
      1.1640230197707813,
      1.123502060174942,
      1.0815156557162602,
      1.0375248894095421,
      0.9906249936421713,
      0.9414480333526929,
      0.8915848092734814,
      0.8439521797001361,
      0.7951258949935436,
      0.7468150984247526,
      0.6953566924234231,
      0.6450744807223479,
      0.5960364927351475,
      0.5619263412555059,
      0.5333532077322404,
      0.4767641797413429,
      0.4388723268111547,
      0.4046543246259292,
      0.34668543161203463,
      0.31385853815823794,
      0.2903171181554596,
      0.2475280967106422,
      0.21696272790431975,
      0.19382748721788326,
      0.17654924062701563,
      0.15159688112325967,
      0.12620635616282622,
      0.10547811002936214,
      0.10015043423355867,
      0.08798500309465453,
      0.07761147511114055,
      0.06987456272433823,
      0.06946836116801326,
      0.060342231921191945,
      0.05394167668244336,
      0.0438368485000683,
      0.04319727482807745,
      0.036807003065381046,
      0.033010455623249675,
      0.03633669810796467,
      0.03225836415280355,
      0.027324429233655488,
      0.03055908958684692,
      0.024709813501346312,
      0.02837671604465868,
      0.02338476748727165,
      0.02201945142946594,
      0.021379959877061386,
      0.02049866347692538,
      0.0221588939591796,
      0.018687364389115828,
      0.014604615688407041,
      0.0121611138298249,
      0.021139647496578012,
      0.008800731737792375,
      0.008697250733515223,
      0.004941509985026945,
      0.007774950281109341,
      0.013180488019673552,
      0.016382246772082,
      0.017552420401965113,
      0.011546783861073587,
      0.01116183389432687,
      0.01404365891381834,
      0.02301691243960401,
      0.011856070684261795,
      0.0057470470483773775,
      0.00551995354341822,
      0.0052345013210136435,
      0.0029693311454464795,
      0.0007460693046179282,
      0.00019441328009709954,
      9.048347498605836e-05,
      7.239821751644134e-05,
      6.208931605101497e-05,
      5.477806732073987e-05,
      4.9321746817175454e-05,
      4.497130719641973e-05,
      4.1452217014068535e-05,
      3.8497829440776364e-05
    ],
    "train_acc": [
      10.113333333333333,
      9.756666666666666,
      9.65,
      9.73,
      9.736666666666666,
      9.75,
      9.753333333333334,
      9.756666666666666,
      9.756666666666666,
      9.77,
      9.763333333333334,
      9.766666666666667,
      9.776666666666667,
      9.786666666666667,
      9.796666666666667,
      9.816666666666666,
      9.803333333333333,
      9.84,
      9.843333333333334,
      9.85,
      9.86,
      9.886666666666667,
      9.91,
      9.946666666666667,
      9.993333333333334,
      10.063333333333333,
      10.14,
      10.65,
      13.433333333333334,
      17.19333333333333,
      18.873333333333335,
      24.633333333333333,
      28.313333333333333,
      30.7,
      33.14666666666667,
      35.443333333333335,
      37.39333333333333,
      39.78333333333333,
      41.766666666666666,
      43.45,
      45.13666666666666,
      46.67,
      48.29,
      49.63333333333333,
      51.06333333333333,
      52.50666666666667,
      54.016666666666666,
      55.39,
      56.78666666666667,
      58.13333333333333,
      59.79333333333334,
      61.39666666666667,
      62.89666666666667,
      64.77666666666667,
      66.82666666666667,
      68.35,
      70.27666666666667,
      72.01333333333334,
      73.82,
      75.49333333333334,
      77.49333333333334,
      79.18,
      80.1,
      81.02,
      83.37,
      84.58333333333333,
      85.75333333333333,
      87.58333333333333,
      88.65333333333334,
      89.66333333333333,
      91.05666666666667,
      92.28,
      93.02,
      93.80666666666667,
      94.67666666666666,
      95.51666666666667,
      96.43333333333334,
      96.39,
      97.01666666666667,
      97.47,
      97.63666666666667,
      97.65666666666667,
      97.93,
      98.25666666666666,
      98.54333333333334,
      98.63333333333334,
      98.83666666666667,
      98.94666666666667,
      98.79333333333334,
      98.92666666666666,
      99.07666666666667,
      99.03666666666666,
      99.21333333333334,
      99.05,
      99.16666666666667,
      99.29333333333334,
      99.25,
      99.30666666666667,
      99.27,
      99.34666666666666,
      99.51666666666667,
      99.59333333333333,
      99.30666666666667,
      99.73333333333333,
      99.71666666666667,
      99.84333333333333,
      99.75333333333333,
      99.57666666666667,
      99.48,
      99.40666666666667,
      99.61,
      99.66666666666667,
      99.48333333333333,
      99.31666666666666,
      99.6,
      99.84,
      99.82333333333334,
      99.84,
      99.91,
      99.99666666666667,
      100.0,
      100.0,
      100.0,
      100.0,
      100.0,
      100.0,
      100.0,
      100.0,
      100.0
    ],