{
  "config": {
    "run_name": "exp1_2_L2_K256",
    "out_dir": "./results",
    "seed": 1359985660,
    "bs_train": 50,
    "bs_test": 12,
    "batches": 600,
    "epochs": 200,
    "early_stopping": 10,
    "checkpoints": null,
    "lr": 0.001,
    "reg": 0.8,
    "filters_per_layer": [
      256
    ],
    "layers_per_block": 2,
    "pool_every": 2,
    "hidden_dims": [
      100,
      50,
      512
    ],
    "ycn": false,
    "print_every": 0,
    "kw": {}
  },
  "results": {
    "num_epochs": 0,
    "train_loss": [
      2.2193018209934237,
      1.9198609793186188,
      1.7538325087229412,
      1.6051662890116374,
      1.4727245237429936,
      1.3621647876501084,
      1.2736752936244011,
      1.1972800539930661,
      1.1250124966104826,
      1.0524974014361699,
      0.9807551278670629,
      0.9111460839708646,
      0.844291268090407,
      0.777662341594696,
      0.7113633585472902,
      0.6466236524780591,
      0.5873632454872131,
      0.5410566477477551,
      0.4913423974563678,
      0.42396122934917607,
      0.3667477679376801,
      0.3304481489211321,
      0.2877248079578082,
      0.25810058049857615,
      0.23479822675387066,
      0.19976807643969854,
      0.15918614093214273,
      0.11737898954345534,
      0.08597480703145266,
      0.05592949212528765,
      0.040948331823262074,
      0.026627354305237532,
      0.019842960688013892,
      0.014026415877160615,
      0.00997682754532434,
      0.006796104616660159,
      0.004587702835657789,
      0.003091440291997666,
      0.0022572164750211715,
      0.0018371723331802058,
      0.001584892766889728,
      0.0013713188152420723,
      0.0012279084330657497,
      0.0012302151172237548,
      0.0009978897918578393,
      0.0009936613382402963,
      0.0008495451121416409,
      0.0007514319400555299,
      0.000656955845831059
    ],
    "train_acc": [
      17.02,
      29.913333333333334,
      36.4,
      41.193333333333335,
      45.946666666666665,
      50.303333333333335,
      53.69,
      56.74,
      59.67,
      62.733333333333334,
      65.31,
      67.81333333333333,
      70.24333333333334,
      72.68,
      75.18666666666667,
      77.63666666666667,
      79.87666666666667,
      81.54,
      83.4,
      85.90666666666667,
      87.83666666666667,
      89.12,
      90.47666666666667,
      91.35666666666667,
      92.11666666666666,
      93.34666666666666,
      94.95,
      96.31666666666666,
      97.55,
      98.58,
      99.03,
      99.51,
      99.65,
      99.78666666666666,
      99.86,
      99.94,
      99.96333333333334,
      99.98333333333333,
      99.98666666666666,
      99.99666666666667,
      99.99666666666667,
      99.99333333333334,
      99.99333333333334,
      99.98666666666666,
      99.99666666666667,
      99.99333333333334,
      99.99666666666667,
      100.0,
      100.0
    ],
    "test_loss": [
      2.0090604410568873,
      1.8225611184040706,
      1.6771791195869445,
      1.5253376885255179,
      1.4221247944235802,
      1.3496328285336494,
      1.2962658746540547,
      1.2496393423279126,
      1.2014830702046553,
      1.1569547754029432,
      1.112020478049914,
      1.080518305003643,
      1.0647011074672144,
      1.0680702665944894,
      1.0993670324981213,
      1.153626894665261,
      1.2193678883214791,
      1.2311810988684495,
      1.2847589552402496,
      1.4038998169700305,
      1.6170975147932767,
      1.5124517163137594,
      1.5793740324676038,
      1.5384768231989194,
      1.5859144098560016,
      1.643622046529005,
      1.9821738531067967,
      1.8386281925765797,
      1.8320774912182243,
      1.927721998624814,
      2.064369329068965,
      2.150982334611472,
      2.1687641698137545,
      2.2475044129734547,
      2.288364339787513,
      2.364237552884345,
      2.4621757911300906,
      2.4538626750946664,
      2.4965187967397893,
      2.5396972419228403,
      2.575038009908361,
      2.6090247759983565,
      2.6335466802228864,
      2.655343770530696,
      2.682021556717033,
      2.6976923293449606,
      2.7223022298825286,
      2.744155203830451,
      2.7618862853602817
    ],
    "test_acc": [
      26.180555555555557,
      34.15277777777778,
      38.69444444444444,
      44.208333333333336,
      48.06944444444444,
      51.361111111111114,
      53.541666666666664,
      55.27777777777778,
      57.81944444444444,
      59.5,
      60.75,
      61.791666666666664,
      62.736111111111114,
      63.0,
      62.59722222222222,
      61.77777777777778,
      61.22222222222222,
      61.916666666666664,
      61.81944444444444,
      60.763888888888886,
      58.583333333333336,
      60.986111111111114,
      61.93055555555556,
      63.47222222222222,
      64.31944444444444,
      63.30555555555556,
      60.77777777777778,
      64.56944444444444,
      65.77777777777777,
      66.125,
      65.44444444444444,
      66.06944444444444,
      66.36111111111111,
      66.41666666666667,
      66.66666666666667,
      66.69444444444444,
      66.69444444444444,
      67.41666666666667,
      67.41666666666667,
      67.31944444444444,
      67.43055555555556,
      67.40277777777777,
      67.44444444444444,
      67.36111111111111,
      67.38888888888889,
      67.31944444444444,
      67.41666666666667,
      67.43055555555556,
      67.47222222222223
    ]
  }
}