{
  "config": {
    "run_name": "exp1_2_L2_K128",
    "out_dir": "./results",
    "seed": 1485590887,
    "bs_train": 50,
    "bs_test": 12,
    "batches": 600,
    "epochs": 200,
    "early_stopping": 10,
    "checkpoints": null,
    "lr": 0.001,
    "reg": 0.8,
    "filters_per_layer": [
      128
    ],
    "layers_per_block": 2,
    "pool_every": 2,
    "hidden_dims": [
      100,
      50,
      512
    ],
    "ycn": false,
    "print_every": 0,
    "kw": {}
  },
  "results": {
    "num_epochs": 0,
    "train_loss": [
      2.28300741871198,
      2.0081576023499172,
      1.8255527325471241,
      1.669829306403796,
      1.5424703820546468,
      1.4377521351973215,
      1.3428373010953267,
      1.2599405038356781,
      1.182055691977342,
      1.1059800618886948,
      1.0333969902992248,
      0.9629907247424125,
      0.8953767517209053,
      0.8314126465717951,
      0.7686700091262658,
      0.7061425124108791,
      0.6443267732858657,
      0.5835139559209347,
      0.5266747255126635,
      0.4876219974209865,
      0.45285453205307324,
      0.40106534387916326,
      0.3488960480069121,
      0.3054828491806984,
      0.2801040425648292,
      0.2606037307282289
    ],
    "train_acc": [
      14.846666666666666,
      25.82,
      34.11333333333334,
      39.21666666666667,
      43.60666666666667,
      47.343333333333334,
      50.97666666666667,
      54.15,
      57.223333333333336,
      60.24,
      63.196666666666665,
      65.97,
      68.46333333333334,
      70.83666666666667,
      73.06333333333333,
      75.38333333333334,
      77.7,
      80.00333333333333,
      82.19,
      83.37666666666667,
      84.47333333333333,
      86.23333333333333,
      88.28,
      89.9,
      90.45,
      91.11666666666666
    ],
    "test_loss": [
      2.1899595771233242,
      1.8852066121498743,
      1.7396432246764502,
      1.5897216812769572,
      1.473169477681319,
      1.4092531615495683,
      1.3617716882626216,
      1.3017501606047153,
      1.2380322120090326,
      1.1863482317825158,
      1.1433356268703938,
      1.1123032373686632,
      1.082849772274494,
      1.078801894634962,
      1.0784686366965373,
      1.09613833916684,
      1.11603260991474,
      1.1524998976538579,
      1.2110742194702229,
      1.2571700718005498,
      1.3446727153410514,
      1.4026497644434373,
      1.4185958539073666,
      1.487031246361633,
      1.5946970679735144,
      1.5999081112071871
    ],
    "test_acc": [
      18.319444444444443,
      31.40277777777778,
      37.208333333333336,
      41.763888888888886,
      45.90277777777778,
      48.84722222222222,
      50.93055555555556,
      53.22222222222222,
      56.27777777777778,
      58.59722222222222,
      60.43055555555556,
      61.708333333333336,
      62.68055555555556,
      62.875,
      62.708333333333336,
      63.125,
      63.388888888888886,
      63.34722222222222,
      63.083333333333336,
      62.708333333333336,
      61.69444444444444,
      61.80555555555556,
      62.458333333333336,
      62.90277777777778,
      62.69444444444444,
      62.75
    ]
  }
}