{
  "config": {
    "run_name": "exp1_2_L8_K256",
    "out_dir": "./results",
    "seed": 1986527112,
    "bs_train": 50,
    "bs_test": 12,
    "batches": 600,
    "epochs": 200,
    "early_stopping": 10,
    "checkpoints": null,
    "lr": 0.001,
    "reg": 0.8,
    "filters_per_layer": [
      256
    ],
    "layers_per_block": 8,
    "pool_every": 8,
    "hidden_dims": [
      100,
      50,
      512
    ],
    "ycn": false,
    "print_every": 0,
    "kw": {}
  },
  "results": {
    "num_epochs": 0,
    "train_loss": [
      2.302992835044861,
      2.3027812604109448,
      2.3027883330980936,
      2.3027893900871277,
      2.30278861840566,
      2.302787848711014,
      2.3027867770195005,
      2.3027856838703156,
      2.3027845005194347,
      2.302783206303914,
      2.3027817074457806,
      2.3027800325552623,
      2.3027782519658406,
      2.3027761979897816,
      2.302773826519648,
      2.3027710858980814,
      2.302767845392227,
      2.3027638920148212,
      2.3027589269479116,
      2.3027526160081226,
      2.3027445085843405,
      2.302733499209086,
      2.3027177854379017,
      2.3026940977573394,
      2.3026564665635427,
      2.302590343952179,
      2.3024605413277945,
      2.3021293930212656,
      2.3007377596696217,
      2.2700701570510864,
      2.017766659259796,
      1.878840829928716,
      1.773755352695783,
      1.665653892159462,
      1.587911653717359,
      1.5365230443080267,
      1.4842510584990183,
      1.4395006382465363,
      1.3996583565076193,
      1.351473742524783,
      1.2979418095946311,
      1.2421541047096252,
      1.1862773256500563,
      1.130310253103574,
      1.0694412418206534,
      1.0083374328414598,
      0.9460108667612076,
      0.8753273958464464,
      0.8194177650411923,
      0.7621972399453322,
      0.6867025432487329,
      0.585654375354449,
      0.5168057949095964,
      0.47034411132335663,
      0.405874562288324,
      0.3572996484426161,
      0.2920788912537197,
      0.2183625784019629,
      0.1814509285148233,
      0.14751972402601193,
      0.11570331444886203,
      0.09578707030353446,
      0.0917569934099447,
      0.07904906169588988,
      0.06404572720872238,
      0.05435214919736609,
      0.04974766034788142,
      0.04445624669965279,
      0.0366211359174243,
      0.036377460860724874,
      0.029456470696313772,
      0.024710133788830718,
      0.022677394154500992,
      0.025937177456277518,
      0.026622718317303225,
      0.020738536710632617,
      0.01420146883760026,
      0.021166949050148105,
      0.013997168769722824,
      0.0129492784670947,
      0.017154821900015424,
      0.01586386775934443,
      0.011628046861848512,
      0.015821527064102458,
      0.012472816064497844,
      0.009204223688636073,
      0.008186087474168744,
      0.005990356180733822,
      0.013056786849726146,
      0.011138867517681016,
      0.012491196875468328,
      0.006957288202668981,
      0.011097166942170892,
      0.004686869433985521,
      0.00579336298229047,
      0.014990948512822797,
      0.012204678494287387,
      0.01098251769094683,
      0.008206218797419448,
      0.0024498063770298966,
      0.0008227441120273701,
      0.0011297035140368432,
      0.00011681966815757505,
      3.923969268915547e-05,
      3.205162682756205e-05,
      2.753515240996762e-05,
      2.4302991214213422e-05,
      2.182245259990149e-05,
      1.9839382142023965e-05,
      1.8211491904362257e-05,
      1.6844495167376293e-05,
      1.5677992520911252e-05,
      1.4661947881009497e-05
    ],
    "train_acc": [
      10.023333333333333,
      9.586666666666666,
      9.71,
      9.716666666666667,
      9.69,
      9.7,
      9.69,
      9.693333333333333,
      9.696666666666667,
      9.693333333333333,
      9.703333333333333,
      9.703333333333333,
      9.706666666666667,
      9.716666666666667,
      9.723333333333333,
      9.736666666666666,
      9.736666666666666,
      9.753333333333334,
      9.76,
      9.77,
      9.773333333333333,
      9.766666666666667,
      9.776666666666667,
      9.77,
      9.8,
      9.796666666666667,
      9.903333333333334,
      9.906666666666666,
      11.41,
      16.716666666666665,
      25.286666666666665,
      31.303333333333335,
      35.95333333333333,
      39.86,
      42.68333333333333,
      44.45,
      46.24666666666667,
      47.88,
      49.376666666666665,
      50.96333333333333,
      52.92333333333333,
      54.903333333333336,
      56.906666666666666,
      59.086666666666666,
      61.39666666666667,
      63.77333333333333,
      65.96333333333334,
      68.55666666666667,
      70.77666666666667,
      72.53,
      75.57,
      79.06666666666666,
      81.77666666666667,
      83.39333333333333,
      85.48666666666666,
      87.25333333333333,
      89.63666666666667,
      92.26333333333334,
      93.74,
      95.02333333333333,
      96.05666666666667,
      96.68,
      96.91333333333333,
      97.3,
      97.88666666666667,
      98.20333333333333,
      98.35333333333334,
      98.51666666666667,
      98.79666666666667,
      98.81666666666666,
      98.97333333333333,
      99.24333333333334,
      99.25666666666666,
      99.13666666666667,
      99.07,
      99.34,
      99.54666666666667,
      99.34666666666666,
      99.55333333333333,
      99.57333333333334,
      99.47,
      99.51,
      99.63,
      99.46666666666667,
      99.56,
      99.72,
      99.76333333333334,
      99.81333333333333,
      99.56666666666666,
      99.67,
      99.59666666666666,
      99.78333333333333,
      99.61666666666666,
      99.87,
      99.81666666666666,
      99.53333333333333,
      99.61333333333333,
      99.67333333333333,
      99.74333333333334,
      99.90666666666667,
      99.98333333333333,
      99.98,
      100.0,
      100.0,
      100.0,
      100.0,
      100.0,
      100.0,
      100.0,
      100.0,
      100.0,
      100.0,
      100.0
    ],