{
  "config": {
    "run_name": "exp1_1_K32_L4",
    "out_dir": "./results",
    "seed": 1056252424,
    "bs_train": 50,
    "bs_test": 12,
    "batches": 600,
    "epochs": 200,
    "early_stopping": 10,
    "checkpoints": null,
    "lr": 0.001,
    "reg": 0.8,
    "filters_per_layer": [
      32
    ],
    "layers_per_block": 4,
    "pool_every": 4,
    "hidden_dims": [
      100,
      50,
      512
    ],
    "ycn": false,
    "print_every": 0,
    "kw": {}
  },
  "results": {
    "num_epochs": 0,
    "train_loss": [
      2.3029851055145265,
      2.3026008637746176,
      2.3023245469729106,
      2.3016054705778757,
      2.2981267368793485,
      2.197856628100077,
      1.9237602055072784,
      1.7795219898223877,
      1.6968187572558722,
      1.6345136560996374,
      1.5778128441174826,
      1.5248919808864594,
      1.479926502108574,
      1.4394279009103774,
      1.4033401455481846,
      1.3679974435766538,
      1.3315614145994186,
      1.2946905381480853,
      1.2574028994639714,
      1.2207044909397762,
      1.1832221097747484,
      1.139169532954693,
      1.093242207268874,
      1.0500949533780415,
      1.003806906938553,
      0.9580876501401265,
      0.9148782511552175,
      0.8723148181537788,
      0.8250245679914952,
      0.7826374675830206,
      0.7394138485689958,
      0.7103458101054033,
      0.6814121775329113,
      0.647175563176473,
      0.6135532905906439,
      0.5771537188440561,
      0.5059371044735114,
      0.45698474124073984,
      0.43354915287345647,
      0.41010187193751335,
      0.36585845582187176,
      0.33440397651245196,
      0.29984934225678445,
      0.271076088771224,
      0.2306746194822093,
      0.20950257538817824,
      0.19024666451538602,
      0.16999818548870582,
      0.1487065467486779,
      0.12672836161218584,
      0.1094997746978576,
      0.0990376805467531,
      0.09735748584537457,
      0.08850876686628908,
      0.0834398497090054,
      0.07081960052096595,
      0.06310166220646352,
      0.049080613144130134,
      0.04221012781704,
      0.04149440419918392,
      0.04005002747857361,
      0.033648704433386835,
      0.025043713278428185,
      0.02092450554179474,
      0.02185309311915868,
      0.015600297057681019,
      0.023482952263584593,
      0.019292169239682456,
      0.018472447257117892,
      0.012205231266780175,
      0.015531058785394028,
      0.008628582977441207,
      0.00797444897936657,
      0.009339104710743413,
      0.005168148486918653,
      0.0036426785761947637,
      0.0027856856867189586,
      0.0024546721832651506,
      0.001136595040946607,
      0.0002779131405933792,
      0.00018001006513031825,
      0.00014646097827759755,
      0.0001265700024528845,
      0.00011226228069782943,
      0.00010122531252742799,
      9.223356260084377e-05,
      8.493541068446575e-05,
      7.883529671971701e-05,
      7.36784617555486e-05,
      6.919368112600447e-05
    ],
    "train_acc": [
      9.906666666666666,
      10.173333333333334,
      10.356666666666667,
      11.203333333333333,
      14.923333333333334,
      21.21,
      29.803333333333335,
      36.22,
      39.306666666666665,
      41.526666666666664,
      43.48,
      45.013333333333335,
      46.56666666666667,
      47.99333333333333,
      49.18333333333333,
      50.696666666666665,
      52.14,
      53.42666666666667,
      54.85666666666667,
      56.04666666666667,
      57.5,
      59.15,
      60.82666666666667,
      62.47,
      64.17333333333333,
      66.02333333333333,
      67.64,
      69.41333333333333,
      71.08,
      72.54333333333334,
      74.13,
      75.16,
      76.32,
      77.02333333333333,
      78.27333333333333,
      79.52,
      82.15666666666667,
      84.12,
      84.81666666666666,
      85.56666666666666,
      87.01666666666667,
      87.97,
      89.33666666666667,
      90.19333333333333,
      91.86666666666666,
      92.47666666666667,
      93.26,
      94.09,
      94.69666666666667,
      95.61666666666666,
      96.23,
      96.61333333333333,
      96.67,
      96.95333333333333,
      97.06333333333333,
      97.52333333333333,
      97.83666666666667,
      98.36666666666666,
      98.62,
      98.61333333333333,
      98.64333333333333,
      98.85333333333334,
      99.20666666666666,
      99.33,
      99.32666666666667,
      99.51666666666667,
      99.26333333333334,
      99.36666666666666,
      99.36333333333333,
      99.59,
      99.52,
      99.73666666666666,
      99.76333333333334,
      99.74,
      99.86,
      99.91666666666667,
      99.93333333333334,
      99.93333333333334,
      99.98666666666666,
      100.0,
      100.0,
      100.0,
      100.0,
      100.0,
      100.0,
      100.0,
      100.0,
      100.0,
      100.0,
      100.0
    ],
    "test_loss": [
      2.3025667675336203,
      2.3023330799738564,
      2.3019327759742736,
      2.3006550002098085,
      2.292335743109385,
      1.9967235247294108,
      1.8278142825762431,
      1.7039314731955528,
      1.646765208641688,
      1.6052896748979886,
      1.5607064989209176,
      1.5188849640885989,
      1.4812627000610035,
      1.4581844422221184,
      1.438090870877107,
      1.4165180343389512,
      1.394289532105128,
      1.3801511508226394,
      1.3693584166963895,
      1.3577068002521993,
      1.3494529453416666,
      1.32549612591664,
      1.3153922413786252,
      1.3023054260015487,
      1.29737801934282,
      1.3167150976260502,
      1.3344205119212469,
      1.3537315356979767,
      1.3464498517413934,
      1.3922267040113607,
      1.456890724201997,
      1.4877437326312064,
      1.5666120222583413,
      1.545282390527427,
      1.6001895674069722,
      1.75043759988,
      2.023216371598343,
      2.157453705544273,
      2.0411838758240144,
      2.0528957548489175,
      2.0789603658765556,
      2.254117911507686,
      2.1845128664622706,
      2.3067008841534458,
      2.4212517088403303,
      2.5413307992865644,
      2.5458100308974583,
      2.7462202467148504,
      2.8494957355906565,
      3.0310084260006747,
      3.1912176572779813,
      3.498159556190173,
      3.2358640642960865,
      3.245482748610278,
      3.4336943773676953,
      3.504039217978716,
      3.481305619676908,
      3.6090966796828434,
      3.6115086343636116,
      3.839585433701674,
      3.84899009120961,
      4.002747242096811,
      4.1440175327907,
      4.116392241617044,
      4.309441732193033,
      4.308676688422759,
      4.309132490077366,
      4.369630604709188,
      4.454631667460005,
      4.451730804728965,
      4.41348252552251,
      4.700448891061048,
      4.914804975117247,
      4.627721281175812,
      4.81964787962536,
      4.786033781630297,
      5.050124033310761,
      5.052594433240593,
      5.0218996533254785,
      5.093378330171109,
      5.151941611568133,
      5.1999330577254295,
      5.240723509620875,
      5.276803982586911,
      5.309480416309088,
      5.339544346053153,
      5.367083280533552,
      5.392795198044429,
      5.4163460539281365,
      5.438694270222137
    ],