{
  "config": {
    "run_name": "exp1_1_K64_L2",
    "out_dir": "./results",
    "seed": 1631211887,
    "bs_train": 50,
    "bs_test": 12,
    "batches": 600,
    "epochs": 200,
    "early_stopping": 10,
    "checkpoints": null,
    "lr": 0.001,
    "reg": 0.8,
    "filters_per_layer": [
      64
    ],
    "layers_per_block": 2,
    "pool_every": 2,
    "hidden_dims": [
      100,
      50,
      512
    ],
    "ycn": false,
    "print_every": 0,
    "kw": {}
  },
  "results": {
    "num_epochs": 0,
    "train_loss": [
      2.297266470193863,
      2.1407367877165475,
      1.9307125304142634,
      1.8142736168702442,
      1.6855377930402755,
      1.5810489022731782,
      1.4867806466420492,
      1.3954168542226155,
      1.316487021446228,
      1.251573957403501,
      1.1934322385986647,
      1.137693275610606,
      1.0821807594100634,
      1.026724934875965,
      0.9707412477334341,
      0.9148430945475896,
      0.8569795652727286,
      0.798503736803929,
      0.7401321955521901,
      0.6818656661609809,
      0.6220527180532615,
      0.5669901120662689,
      0.5284897853185733,
      0.508566572467486,
      0.4644893161952496,
      0.40244509334365525,
      0.3695723815759023,
      0.33728957204769056,
      0.30194860375175875,
      0.2573923601085941,
      0.2287650919953982,
      0.20256386229768394,
      0.1653054665463666,
      0.13680077399748067,
      0.10749369178432971,
      0.08368392435989032,
      0.06562128582891698,
      0.049221876725399245,
      0.03982402949516351,
      0.03349236179608852,
      0.03220614572249663,
      0.020733286838124816,
      0.0122670688200742,
      0.006844784730443886,
      0.004256058269675123,
      0.00308632754405456,
      0.0023214853081056693,
      0.00195212693385353,
      0.0017015953534670796
    ],
    "train_acc": [
      11.07,
      22.53,
      29.543333333333333,
      34.43666666666667,
      38.72666666666667,
      42.31,
      45.653333333333336,
      49.05,
      52.04,
      54.50333333333333,
      56.72,
      58.92333333333333,
      61.14666666666667,
      63.483333333333334,
      65.54333333333334,
      67.65,
      69.70333333333333,
      72.02666666666667,
      74.25333333333333,
      76.61666666666666,
      78.77,
      80.70333333333333,
      82.23666666666666,
      82.57333333333334,
      83.88333333333334,
      86.47333333333333,
      87.42,
      88.36666666666666,
      89.58333333333333,
      91.24333333333334,
      92.27333333333333,
      93.08,
      94.41,
      95.55333333333333,
      96.60666666666667,
      97.43333333333334,
      98.12666666666667,
      98.69333333333333,
      98.99,
      99.09333333333333,
      99.17,
      99.51333333333334,
      99.81666666666666,
      99.94666666666667,
      99.97333333333333,
      99.97666666666667,
      99.98,
      99.98,
      99.98
    ],
    "test_loss": [
      2.2823235686620076,
      1.9872050388654072,
      1.8600718947251638,
      1.7493119444449743,
      1.6320157902439436,
      1.5254154167572658,
      1.4342907039324442,
      1.395226715405782,
      1.3515321664015452,
      1.318305418640375,
      1.2844293201963106,
      1.2576779663066069,
      1.2311012965937456,
      1.202758242636919,
      1.1809778661529222,
      1.1616758840531112,
      1.1573683394740024,
      1.147247535487016,
      1.154245629409949,
      1.177503377770384,
      1.209387093881766,
      1.2871081740160784,
      1.3898073417817554,
      1.4347446326042215,
      1.5343668580924472,
      1.609812083269159,
      1.5960631495714188,
      1.6503864937524,
      1.7518658125648896,
      1.770731807090342,
      1.7896692938978473,
      1.8823223367581765,
      2.171849994175136,
      1.8913708294928073,
      2.2820395710815986,
      2.4286328452453017,
      2.4033286998420955,
      2.378140806717177,
      2.4011247779118516,
      2.405647057555616,
      2.41028754444172,
      2.563028705852727,
      2.6586136612358193,
      2.75675571959621,
      2.842524859944048,
      2.9129063372003534,
      2.9767474537963667,
      3.030655953123545,
      3.0756468714245906
    ],
    "test_acc": [
      16.84722222222222,
      26.569444444444443,
      33.0,
      36.90277777777778,
      40.55555555555556,
      44.94444444444444,
      48.02777777777778,
      49.5,
      51.47222222222222,
      53.25,
      54.583333333333336,
      55.791666666666664,
      56.52777777777778,
      57.34722222222222,
      58.375,
      59.236111111111114,
      60.02777777777778,
      61.013888888888886,
      61.263888888888886,
      61.625,
      61.763888888888886,
      60.90277777777778,
      59.958333333333336,
      59.77777777777778,
      58.94444444444444,
      59.361111111111114,
      60.611111111111114,
      59.56944444444444,
      59.333333333333336,
      60.208333333333336,
      60.986111111111114,
      61.84722222222222,
      59.97222222222222,
      62.513888888888886,
      60.84722222222222,
      61.47222222222222,
      62.138888888888886,
      62.763888888888886,
      62.958333333333336,
      63.138888888888886,
      63.44444444444444,
      63.236111111111114,
      63.541666666666664,
      63.81944444444444,
      63.763888888888886,
      63.94444444444444,
      64.04166666666667,
      64.11111111111111,
      64.04166666666667
    ]
  }
}