{
  "config": {
    "run_name": "exp1_1_K64_L4",
    "out_dir": "./results",
    "seed": 917570528,
    "bs_train": 50,
    "bs_test": 12,
    "batches": 600,
    "epochs": 200,
    "early_stopping": 10,
    "checkpoints": null,
    "lr": 0.001,
    "reg": 0.8,
    "filters_per_layer": [
      64
    ],
    "layers_per_block": 4,
    "pool_every": 4,
    "hidden_dims": [
      100,
      50,
      512
    ],
    "ycn": false,
    "print_every": 0,
    "kw": {}
  },
  "results": {
    "num_epochs": 0,
    "train_loss": [
      2.3028414185841877,
      2.3024879030386605,
      2.3018419257799785,
      2.296888610521952,
      2.1405025563637414,
      1.8813329488039017,
      1.7336678932110468,
      1.6495905909935633,
      1.5872251023848851,
      1.535840818285942,
      1.488614217241605,
      1.4478026864926021,
      1.4066946375370026,
      1.3640474991003673,
      1.3246866191426914,
      1.283545061647892,
      1.23717337757349,
      1.1864529234170913,
      1.1346776351332664,
      1.0819172645608583,
      1.0314383122324944,
      0.9803597334027291,
      0.9263386044899623,
      0.8729700495799383,
      0.8173084396620591,
      0.7585741987327734,
      0.7039422350128491,
      0.6638162030279636,
      0.635097559740146,
      0.606222096979618,
      0.5450503466526667,
      0.4907616567860047,
      0.45788959870735807,
      0.4172215435033043,
      0.35700083858023085,
      0.3102575333664815,
      0.27071648971488077,
      0.23925366112651925,
      0.2015277508708338,
      0.16713213577866554,
      0.14138300980596494,
      0.12607915344648063,
      0.10210934220502774,
      0.09066733343914772,
      0.07703041791527843,
      0.06319804398304162,
      0.053603444977197795,
      0.046358640695883274,
      0.04724642374397566,
      0.037580683251435404,
      0.02819775014737388,
      0.022268945232547896,
      0.017503739372574878,
      0.013704277245075598,
      0.012540899746757836,
      0.008647659557124522,
      0.006495414529029707,
      0.009159772402890667,
      0.011013230777086089,
      0.009216022859891381,
      0.008536440400966967,
      0.004636441998045484,
      0.006286514597037846,
      0.013958416275721296,
      0.01021223837979657,
      0.012437439113255096,
      0.007827554375774828,
      0.01061835089779682,
      0.0076109235085338395,
      0.004645784447032687,
      0.0014538701820962765,
      0.0004074071396621548,
      0.00017893161746201258,
      0.00013546883244960857,
      0.00011514453881469914,
      0.00010120487202736209,
      9.076925900501464e-05,
      8.255507150333111e-05,
      7.585713051620738e-05,
      7.029701853127789e-05
    ],
    "train_acc": [
      9.943333333333333,
      10.273333333333333,
      10.92,
      15.926666666666666,
      22.27,
      32.05,
      37.68666666666667,
      40.81333333333333,
      43.233333333333334,
      44.82333333333333,
      46.50666666666667,
      47.70666666666666,
      49.49333333333333,
      51.13,
      52.61666666666667,
      53.97666666666667,
      55.58,
      57.346666666666664,
      59.11666666666667,
      61.21333333333333,
      63.02,
      65.04666666666667,
      67.20666666666666,
      69.29333333333334,
      71.24,
      73.54,
      75.11,
      76.64,
      77.30666666666667,
      78.37333333333333,
      80.55333333333333,
      82.54666666666667,
      83.48666666666666,
      85.19333333333333,
      87.40333333333334,
      89.19333333333333,
      90.29,
      91.54666666666667,
      93.04,
      94.12333333333333,
      95.18333333333334,
      95.73666666666666,
      96.49,
      96.83333333333333,
      97.42333333333333,
      97.89333333333333,
      98.10333333333334,
      98.47,
      98.43333333333334,
      98.69666666666667,
      99.13,
      99.33333333333333,
      99.46666666666667,
      99.62,
      99.65666666666667,
      99.73333333333333,
      99.84666666666666,
      99.72666666666667,
      99.72,
      99.75333333333333,
      99.70666666666666,
      99.86333333333333,
      99.83666666666667,
      99.56333333333333,
      99.71,
      99.6,
      99.82,
      99.68333333333334,
      99.79333333333334,
      99.84666666666666,
      99.97333333333333,
      100.0,
      100.0,
      100.0,
      100.0,
      100.0,
      100.0,
      100.0,
      100.0,
      100.0
    ],
    "test_loss": [
      2.3024277671178184,
      2.3021349084377287,
      2.300884695847829,
      2.286057200829188,
      1.9658686031897863,
      1.7830843806266785,
      1.6670265382528304,
      1.615878681441148,
      1.583008516530196,
      1.541315137942632,
      1.5115316048264504,
      1.4812338151534399,
      1.4510546634594599,
      1.4312193722526232,
      1.4124716898302236,
      1.3844856151441733,
      1.349877252727747,
      1.3236345396439235,
      1.3022467025121054,
      1.2980127922197182,
      1.2964325586954752,
      1.2976215753952662,
      1.3106836520135403,
      1.3470097525417806,
      1.3652914007008077,
      1.440870982259512,
      1.5048676286637783,
      1.605190864354372,
      1.569482099811236,
      1.6033490903923908,
      1.5757657961547376,
      1.669670384178559,
      1.7292687938114006,
      1.8555298904826243,
      1.8785247678061325,
      2.005133355135719,
      2.17591749869287,
      2.214075852334499,
      2.387420753836632,
      2.577645443001141,
      2.462661975485583,
      2.7865666652967533,
      2.827211349507173,
      2.8412202626901366,
      2.963736254523198,
      2.816995636075735,
      3.040275020822883,
      3.1319425074011087,
      3.26307094146808,
      3.0834283398091795,
      3.4476267204557858,
      3.5529303180674714,
      3.721205563917756,
      3.8441343943277997,
      4.020605262642105,
      4.038019376869003,
      4.165794243887067,
      4.295825503369173,
      4.218515735579033,
      4.184698841571808,
      4.231770933282872,
      4.227425095563134,
      4.468528254876534,
      4.1856585895518466,
      4.322801360885302,
      4.281508591671785,
      4.40313696295023,
      4.303523567741116,
      4.264590261131525,
      4.481937901029984,
      4.548905588959654,
      4.610906405424078,
      4.656989467243354,
      4.7007014259696005,
      4.739663108636935,
      4.7748846357067425,
      4.806467012514671,
      4.835165608103076,
      4.862234924336274,
      4.887199468587836
    ],